active,activeBuy,activeSell,baseAsset,baseAssetName,baseAssetUnit,close,decimalPlaces,high,lastAggTradeId,low,market,marketName,matchingUnitType,minQty,minTrade,open,parentMarket,parentMarketName,prevClose,productType,quoteAsset,quoteAssetName,quoteAssetUnit,status,symbol,tickSize,tradedMoney,volume,withdrawFee,bidPrice,bidQty,askPrice,askQty,timestamp
True,0.0,97143.0,GRS,Groestlcoin,,0.00130548,8,0.00131654,-1,0.00119411,ETH,ETH,STANDARD,1e-08,1.0,0.00125382,ALTS,ALTS,0.00125382,,ETH,Ethereum,Ξ,TRADING,GRSETH,0.00000001,121.38959444,97143.00000000,0,0.00130450,9.00000000,0.00131591,166.00000000,2019-07-01T03:31:45.853045
True,0.0,97152.0,GRS,Groestlcoin,,0.00130450,8,0.00131654,-1,0.00119411,ETH,ETH,STANDARD,1e-08,1.0,0.00125382,ALTS,ALTS,0.00125382,,ETH,Ethereum,Ξ,TRADING,GRSETH,0.00000001,121.40133494,97152.00000000,0,0.00129307,857.00000000,0.00130449,67.00000000,2019-07-01T03:37:09.420003
True,0.0,97442.0,GRS,Groestlcoin,,0.00129580,8,0.00131654,-1,0.00119411,ETH,ETH,STANDARD,1e-08,1.0,0.00125382,ALTS,ALTS,0.00125382,,ETH,Ethereum,Ξ,TRADING,GRSETH,0.00000001,121.77714106,97442.00000000,0,0.00129246,9.00000000,0.00129916,166.00000000,2019-07-01T03:42:34.912820
True,0.0,97451.0,GRS,Groestlcoin,,0.00129246,8,0.00131654,-1,0.00119411,ETH,ETH,STANDARD,1e-08,1.0,0.00125382,ALTS,ALTS,0.00125382,,ETH,Ethereum,Ξ,TRADING,GRSETH,0.00000001,121.7887732,97451.00000000,0,0.00128770,4054.00000000,0.00129848,9.00000000,2019-07-01T03:47:59.837101
True,0.0,97460.0,GRS,Groestlcoin,,0.00129848,8,0.00131654,-1,0.00119411,ETH,ETH,STANDARD,1e-08,1.0,0.00125382,ALTS,ALTS,0.00125382,,ETH,Ethereum,Ξ,TRADING,GRSETH,0.00000001,121.80045952,97460.00000000,0,0.00129488,995.00000000,0.00130450,9.00000000,2019-07-01T03:53:23.687655
True,0.0,97460.0,GRS,Groestlcoin,,0.00130450,8,0.00131654,-1,0.00119411,ETH,ETH,STANDARD,1e-08,1.0,0.00123471,ALTS,ALTS,0.00123471,,ETH,Ethereum,Ξ,TRADING,GRSETH,0.00000001,121.80091564,97460.00000000,0,0.00129859,4022.00000000,0.00130600,695.00000000,2019-07-01T03:58:48.626384
True,0.0,97995.0,GRS,Groestlcoin,,0.00129246,8,0.00131654,-1,0.00119411,ETH,ETH,STANDARD,1e-08,1.0,0.00123471,ALTS,ALTS,0.00123471,,ETH,Ethereum,Ξ,TRADING,GRSETH,0.00000001,122.4955069,97995.00000000,0,0.00128901,232.00000000,0.00129848,9.00000000,2019-07-01T04:04:13.119400
True,0.0,97995.0,GRS,Groestlcoin,,0.00129246,8,0.00131654,-1,0.00119411,ETH,ETH,STANDARD,1e-08,1.0,0.00123471,ALTS,ALTS,0.00123471,,ETH,Ethereum,Ξ,TRADING,GRSETH,0.00000001,122.4955069,97995.00000000,0,0.00128920,1230.00000000,0.00129848,9.00000000,2019-07-01T04:09:38.967925
True,0.0,95431.0,GRS,Groestlcoin,,0.00129848,8,0.00131654,-1,0.00119411,ETH,ETH,STANDARD,1e-08,1.0,0.00124390,ALTS,ALTS,0.0012439,,ETH,Ethereum,Ξ,TRADING,GRSETH,0.00000001,119.33028773,95431.00000000,0,0.00129587,904.00000000,0.00130398,68.00000000,2019-07-01T04:15:02.241015
True,0.0,95431.0,GRS,Groestlcoin,,0.00129848,8,0.00131654,-1,0.00119411,ETH,ETH,STANDARD,1e-08,1.0,0.00124390,ALTS,ALTS,0.0012439,,ETH,Ethereum,Ξ,TRADING,GRSETH,0.00000001,119.33028773,95431.00000000,0,0.00129377,4047.00000000,0.00130407,329.00000000,2019-07-01T04:20:25.700467
True,0.0,95694.0,GRS,Groestlcoin,,0.00130450,8,0.00131654,-1,0.00119411,ETH,ETH,STANDARD,1e-08,1.0,0.00124390,ALTS,ALTS,0.0012439,,ETH,Ethereum,Ξ,TRADING,GRSETH,0.00000001,119.67337375,95694.00000000,0,0.00129848,9.00000000,0.00130413,29.00000000,2019-07-01T04:25:49.281416
True,0.0,95656.0,GRS,Groestlcoin,,0.00130450,8,0.00131654,-1,0.00119411,ETH,ETH,STANDARD,1e-08,1.0,0.00124019,ALTS,ALTS,0.00124019,,ETH,Ethereum,Ξ,TRADING,GRSETH,0.00000001,119.62609838,95656.00000000,0,0.00129848,9.00000000,0.00130303,456.00000000,2019-07-01T04:31:13.431888
True,0.0,95828.0,GRS,Groestlcoin,,0.00128727,8,0.00131654,-1,0.00119411,ETH,ETH,STANDARD,1e-08,1.0,0.00124019,ALTS,ALTS,0.00124019,,ETH,Ethereum,Ξ,TRADING,GRSETH,0.00000001,119.84805682,95828.00000000,0,0.00128645,9.00000000,0.00129667,61.00000000,2019-07-01T04:36:38.444339
True,0.0,95837.0,GRS,Groestlcoin,,0.00128645,8,0.00131654,-1,0.00119411,ETH,ETH,STANDARD,1e-08,1.0,0.00124019,ALTS,ALTS,0.00124019,,ETH,Ethereum,Ξ,TRADING,GRSETH,0.00000001,119.85963487,95837.00000000,0,0.00128193,147.00000000,0.00129159,158.00000000,2019-07-01T04:42:02.003745
True,0.0,95846.0,GRS,Groestlcoin,,0.00129159,8,0.00131654,-1,0.00119411,ETH,ETH,STANDARD,1e-08,1.0,0.00124019,ALTS,ALTS,0.00124019,,ETH,Ethereum,Ξ,TRADING,GRSETH,0.00000001,119.87125918,95846.00000000,0,0.00128175,2650.00000000,0.00129163,333.00000000,2019-07-01T04:47:26.497829
True,0.0,97505.0,GRS,Groestlcoin,,0.00128750,8,0.00131654,-1,0.00119411,ETH,ETH,STANDARD,1e-08,1.0,0.00124019,ALTS,ALTS,0.00124019,,ETH,Ethereum,Ξ,TRADING,GRSETH,0.00000001,122.00616393,97505.00000000,0,0.00128201,1203.00000000,0.00129000,684.00000000,2019-07-01T04:52:50.537708
True,0.0,97516.0,GRS,Groestlcoin,,0.00128954,8,0.00131654,-1,0.00119411,ETH,ETH,STANDARD,1e-08,1.0,0.00124019,ALTS,ALTS,0.00124019,,ETH,Ethereum,Ξ,TRADING,GRSETH,0.00000001,122.02034887,97516.00000000,0,0.00128045,166.00000000,0.00128961,700.00000000,2019-07-01T04:58:15.990657
True,0.0,97525.0,GRS,Groestlcoin,,0.00128043,8,0.00131654,-1,0.00119411,ETH,ETH,STANDARD,1e-08,1.0,0.00124019,ALTS,ALTS,0.00124019,,ETH,Ethereum,Ξ,TRADING,GRSETH,0.00000001,122.03187274,97525.00000000,0,0.00127621,1947.00000000,0.00128645,9.00000000,2019-07-01T05:03:40.747780
True,0.0,97525.0,GRS,Groestlcoin,,0.00128043,8,0.00131654,-1,0.00119411,ETH,ETH,STANDARD,1e-08,1.0,0.00124019,ALTS,ALTS,0.00124019,,ETH,Ethereum,Ξ,TRADING,GRSETH,0.00000001,122.03187274,97525.00000000,0,0.00127737,1332.00000000,0.00128645,9.00000000,2019-07-01T05:09:05.523550
True,0.0,97525.0,GRS,Groestlcoin,,0.00128043,8,0.00131654,-1,0.00119411,ETH,ETH,STANDARD,1e-08,1.0,0.00124019,ALTS,ALTS,0.00124019,,ETH,Ethereum,Ξ,TRADING,GRSETH,0.00000001,122.03187274,97525.00000000,0,0.00127441,9.00000000,0.00128385,155.00000000,2019-07-01T05:14:29.634335
True,0.0,97525.0,GRS,Groestlcoin,,0.00128043,8,0.00131654,-1,0.00119411,ETH,ETH,STANDARD,1e-08,1.0,0.00124019,ALTS,ALTS,0.00124019,,ETH,Ethereum,Ξ,TRADING,GRSETH,0.00000001,122.03187274,97525.00000000,0,0.00127636,1554.00000000,0.00128645,9.00000000,2019-07-01T05:19:53.868096
True,0.0,97525.0,GRS,Groestlcoin,,0.00128043,8,0.00131654,-1,0.00119411,ETH,ETH,STANDARD,1e-08,1.0,0.00124019,ALTS,ALTS,0.00124019,,ETH,Ethereum,Ξ,TRADING,GRSETH,0.00000001,122.03187274,97525.00000000,0,0.00127444,12.00000000,0.00128639,155.00000000,2019-07-01T05:25:20.751285
True,0.0,97525.0,GRS,Groestlcoin,,0.00128043,8,0.00131654,-1,0.00119411,ETH,ETH,STANDARD,1e-08,1.0,0.00124019,ALTS,ALTS,0.00124019,,ETH,Ethereum,Ξ,TRADING,GRSETH,0.00000001,122.03187274,97525.00000000,0,0.00127441,9.00000000,0.00128242,155.00000000,2019-07-01T05:30:44.842063
True,0.0,97525.0,GRS,Groestlcoin,,0.00128043,8,0.00131654,-1,0.00119411,ETH,ETH,STANDARD,1e-08,1.0,0.00124019,ALTS,ALTS,0.00124019,,ETH,Ethereum,Ξ,TRADING,GRSETH,0.00000001,122.03187274,97525.00000000,0,0.00127441,9.00000000,0.00128342,155.00000000,2019-07-01T05:36:09.479568
True,0.0,83096.0,GRS,Groestlcoin,,0.00127441,8,0.00131654,-1,0.00119411,ETH,ETH,STANDARD,1e-08,1.0,0.00126846,ALTS,ALTS,0.00126846,,ETH,Ethereum,Ξ,TRADING,GRSETH,0.00000001,104.01207447,83096.00000000,0,0.00127003,4290.00000000,0.00127991,48.00000000,2019-07-01T05:41:36.008204
True,0.0,83096.0,GRS,Groestlcoin,,0.00127441,8,0.00131654,-1,0.00119411,ETH,ETH,STANDARD,1e-08,1.0,0.00126846,ALTS,ALTS,0.00126846,,ETH,Ethereum,Ξ,TRADING,GRSETH,0.00000001,104.01207447,83096.00000000,0,0.00127301,3945.00000000,0.00128043,9.00000000,2019-07-01T05:47:00.146466
True,0.0,83057.0,GRS,Groestlcoin,,0.00128043,8,0.00131654,-1,0.00119411,ETH,ETH,STANDARD,1e-08,1.0,0.00124814,ALTS,ALTS,0.00124814,,ETH,Ethereum,Ξ,TRADING,GRSETH,0.00000001,103.96292169,83057.00000000,0,0.00127500,9.00000000,0.00128043,9.00000000,2019-07-01T05:52:24.260849
True,0.0,83256.0,GRS,Groestlcoin,,0.00127033,8,0.00131654,-1,0.00119411,ETH,ETH,STANDARD,1e-08,1.0,0.00126314,ALTS,ALTS,0.00126314,,ETH,Ethereum,Ξ,TRADING,GRSETH,0.00000001,104.22321034,83256.00000000,0,0.00126843,45.00000000,0.00127807,155.00000000,2019-07-01T05:57:49.046305
True,0.0,83256.0,GRS,Groestlcoin,,0.00127033,8,0.00131654,-1,0.00119411,ETH,ETH,STANDARD,1e-08,1.0,0.00126314,ALTS,ALTS,0.00126314,,ETH,Ethereum,Ξ,TRADING,GRSETH,0.00000001,104.22321034,83256.00000000,0,0.00127176,3946.00000000,0.00128042,421.00000000,2019-07-01T06:03:14.140805
True,0.0,83256.0,GRS,Groestlcoin,,0.00127033,8,0.00131654,-1,0.00119411,ETH,ETH,STANDARD,1e-08,1.0,0.00126314,ALTS,ALTS,0.00126314,,ETH,Ethereum,Ξ,TRADING,GRSETH,0.00000001,104.22321034,83256.00000000,0,0.00127024,132.00000000,0.00128042,173.00000000,2019-07-01T06:08:40.232100
True,0.0,83256.0,GRS,Groestlcoin,,0.00127033,8,0.00131654,-1,0.00119411,ETH,ETH,STANDARD,1e-08,1.0,0.00126314,ALTS,ALTS,0.00126314,,ETH,Ethereum,Ξ,TRADING,GRSETH,0.00000001,104.22321034,83256.00000000,0,0.00127077,1493.00000000,0.00127842,707.00000000,2019-07-01T06:14:04.103502
True,0.0,83256.0,GRS,Groestlcoin,,0.00127033,8,0.00131654,-1,0.00119411,ETH,ETH,STANDARD,1e-08,1.0,0.00126314,ALTS,ALTS,0.00126314,,ETH,Ethereum,Ξ,TRADING,GRSETH,0.00000001,104.22321034,83256.00000000,0,0.00126972,785.00000000,0.00127924,707.00000000,2019-07-01T06:19:27.900629
True,0.0,83256.0,GRS,Groestlcoin,,0.00127033,8,0.00131654,-1,0.00119411,ETH,ETH,STANDARD,1e-08,1.0,0.00126314,ALTS,ALTS,0.00126314,,ETH,Ethereum,Ξ,TRADING,GRSETH,0.00000001,104.22321034,83256.00000000,0,0.00126940,169.00000000,0.00127964,706.00000000,2019-07-01T06:24:52.115421
True,0.0,83256.0,GRS,Groestlcoin,,0.00127033,8,0.00131654,-1,0.00119411,ETH,ETH,STANDARD,1e-08,1.0,0.00126314,ALTS,ALTS,0.00126314,,ETH,Ethereum,Ξ,TRADING,GRSETH,0.00000001,104.22321034,83256.00000000,0,0.00127203,750.00000000,0.00128043,9.00000000,2019-07-01T06:30:15.962641
True,0.0,85506.0,GRS,Groestlcoin,,0.00128043,8,0.00131654,-1,0.00119411,ETH,ETH,STANDARD,1e-08,1.0,0.00124923,ALTS,ALTS,0.00124923,,ETH,Ethereum,Ξ,TRADING,GRSETH,0.00000001,107.15003747,85506.00000000,0,0.00127441,9.00000000,0.00128421,704.00000000,2019-07-01T06:35:44.234114
True,0.0,85506.0,GRS,Groestlcoin,,0.00128043,8,0.00131654,-1,0.00119411,ETH,ETH,STANDARD,1e-08,1.0,0.00124923,ALTS,ALTS,0.00124923,,ETH,Ethereum,Ξ,TRADING,GRSETH,0.00000001,107.15003747,85506.00000000,0,0.00127441,9.00000000,0.00128272,704.00000000,2019-07-01T06:41:08.289074
True,0.0,85506.0,GRS,Groestlcoin,,0.00128043,8,0.00131654,-1,0.00119411,ETH,ETH,STANDARD,1e-08,1.0,0.00124923,ALTS,ALTS,0.00124923,,ETH,Ethereum,Ξ,TRADING,GRSETH,0.00000001,107.15003747,85506.00000000,0,0.00127600,369.00000000,0.00128488,38.00000000,2019-07-01T06:46:33.630295
True,0.0,85506.0,GRS,Groestlcoin,,0.00128043,8,0.00131654,-1,0.00119411,ETH,ETH,STANDARD,1e-08,1.0,0.00124923,ALTS,ALTS,0.00124923,,ETH,Ethereum,Ξ,TRADING,GRSETH,0.00000001,107.15003747,85506.00000000,0,0.00127441,9.00000000,0.00128408,168.00000000,2019-07-01T06:51:57.739336
True,0.0,85506.0,GRS,Groestlcoin,,0.00128043,8,0.00131654,-1,0.00119411,ETH,ETH,STANDARD,1e-08,1.0,0.00124923,ALTS,ALTS,0.00124923,,ETH,Ethereum,Ξ,TRADING,GRSETH,0.00000001,107.15003747,85506.00000000,0,0.00127441,9.00000000,0.00128097,168.00000000,2019-07-01T06:57:22.139678
True,0.0,85506.0,GRS,Groestlcoin,,0.00128043,8,0.00131654,-1,0.00119411,ETH,ETH,STANDARD,1e-08,1.0,0.00124923,ALTS,ALTS,0.00124923,,ETH,Ethereum,Ξ,TRADING,GRSETH,0.00000001,107.15003747,85506.00000000,0,0.00127670,2147.00000000,0.00128485,703.00000000,2019-07-01T07:02:46.404417
True,0.0,83629.0,GRS,Groestlcoin,,0.00128043,8,0.00131654,-1,0.00119411,ETH,ETH,STANDARD,1e-08,1.0,0.00124383,ALTS,ALTS,0.00124383,,ETH,Ethereum,Ξ,TRADING,GRSETH,0.00000001,104.7986794,83629.00000000,0,0.00127641,1980.00000000,0.00128527,168.00000000,2019-07-01T07:08:10.693500
True,0.0,83629.0,GRS,Groestlcoin,,0.00128043,8,0.00131654,-1,0.00119411,ETH,ETH,STANDARD,1e-08,1.0,0.00124383,ALTS,ALTS,0.00124383,,ETH,Ethereum,Ξ,TRADING,GRSETH,0.00000001,104.7986794,83629.00000000,0,0.00127501,2296.00000000,0.00128573,168.00000000,2019-07-01T07:13:38.777883
True,0.0,83629.0,GRS,Groestlcoin,,0.00128043,8,0.00131654,-1,0.00119411,ETH,ETH,STANDARD,1e-08,1.0,0.00124383,ALTS,ALTS,0.00124383,,ETH,Ethereum,Ξ,TRADING,GRSETH,0.00000001,104.7986794,83629.00000000,0,0.00127553,369.00000000,0.00128441,168.00000000,2019-07-01T07:19:03.288780
True,0.0,83629.0,GRS,Groestlcoin,,0.00128043,8,0.00131654,-1,0.00119411,ETH,ETH,STANDARD,1e-08,1.0,0.00124383,ALTS,ALTS,0.00124383,,ETH,Ethereum,Ξ,TRADING,GRSETH,0.00000001,104.7986794,83629.00000000,0,0.00127609,478.00000000,0.00128525,702.00000000,2019-07-01T07:24:28.780560
True,0.0,83629.0,GRS,Groestlcoin,,0.00128043,8,0.00131654,-1,0.00119411,ETH,ETH,STANDARD,1e-08,1.0,0.00124383,ALTS,ALTS,0.00124383,,ETH,Ethereum,Ξ,TRADING,GRSETH,0.00000001,104.7986794,83629.00000000,0,0.00127528,78.00000000,0.00128429,703.00000000,2019-07-01T07:29:53.303509
True,0.0,83629.0,GRS,Groestlcoin,,0.00128043,8,0.00131654,-1,0.00119411,ETH,ETH,STANDARD,1e-08,1.0,0.00124383,ALTS,ALTS,0.00124383,,ETH,Ethereum,Ξ,TRADING,GRSETH,0.00000001,104.7986794,83629.00000000,0,0.00127442,78.00000000,0.00128402,65.00000000,2019-07-01T07:35:17.745414
True,0.0,83629.0,GRS,Groestlcoin,,0.00128043,8,0.00131654,-1,0.00119411,ETH,ETH,STANDARD,1e-08,1.0,0.00124383,ALTS,ALTS,0.00124383,,ETH,Ethereum,Ξ,TRADING,GRSETH,0.00000001,104.7986794,83629.00000000,0,0.00127677,781.00000000,0.00128525,65.00000000,2019-07-01T07:40:42.585407
True,0.0,83629.0,GRS,Groestlcoin,,0.00128043,8,0.00131654,-1,0.00119411,ETH,ETH,STANDARD,1e-08,1.0,0.00124383,ALTS,ALTS,0.00124383,,ETH,Ethereum,Ξ,TRADING,GRSETH,0.00000001,104.7986794,83629.00000000,0,0.00127634,369.00000000,0.00128523,156.00000000,2019-07-01T07:46:06.465055
True,0.0,83629.0,GRS,Groestlcoin,,0.00128043,8,0.00131654,-1,0.00119411,ETH,ETH,STANDARD,1e-08,1.0,0.00124383,ALTS,ALTS,0.00124383,,ETH,Ethereum,Ξ,TRADING,GRSETH,0.00000001,104.7986794,83629.00000000,0,0.00128101,167.00000000,0.00128645,9.00000000,2019-07-01T07:51:31.538857
True,0.0,83629.0,GRS,Groestlcoin,,0.00128043,8,0.00131654,-1,0.00119411,ETH,ETH,STANDARD,1e-08,1.0,0.00124383,ALTS,ALTS,0.00124383,,ETH,Ethereum,Ξ,TRADING,GRSETH,0.00000001,104.7986794,83629.00000000,0,0.00128060,34.00000000,0.00128645,9.00000000,2019-07-01T07:56:55.555428
True,0.0,83629.0,GRS,Groestlcoin,,0.00128043,8,0.00131654,-1,0.00119411,ETH,ETH,STANDARD,1e-08,1.0,0.00124383,ALTS,ALTS,0.00124383,,ETH,Ethereum,Ξ,TRADING,GRSETH,0.00000001,104.7986794,83629.00000000,0,0.00127447,168.00000000,0.00128644,868.00000000,2019-07-01T08:02:20.186650
True,0.0,81285.0,GRS,Groestlcoin,,0.00128061,8,0.00131654,-1,0.00119411,ETH,ETH,STANDARD,1e-08,1.0,0.00126480,ALTS,ALTS,0.0012648,,ETH,Ethereum,Ξ,TRADING,GRSETH,0.00000001,101.88743208,81285.00000000,0,0.00127443,167.00000000,0.00128443,703.00000000,2019-07-01T08:07:44.505611
True,0.0,81285.0,GRS,Groestlcoin,,0.00128061,8,0.00131654,-1,0.00119411,ETH,ETH,STANDARD,1e-08,1.0,0.00126480,ALTS,ALTS,0.0012648,,ETH,Ethereum,Ξ,TRADING,GRSETH,0.00000001,101.88743208,81285.00000000,0,0.00127441,9.00000000,0.00128283,704.00000000,2019-07-01T08:13:08.739454
True,0.0,81285.0,GRS,Groestlcoin,,0.00128061,8,0.00131654,-1,0.00119411,ETH,ETH,STANDARD,1e-08,1.0,0.00126480,ALTS,ALTS,0.0012648,,ETH,Ethereum,Ξ,TRADING,GRSETH,0.00000001,101.88743208,81285.00000000,0,0.00127441,9.00000000,0.00128203,78.00000000,2019-07-01T08:18:35.734494
True,0.0,81285.0,GRS,Groestlcoin,,0.00128061,8,0.00131654,-1,0.00119411,ETH,ETH,STANDARD,1e-08,1.0,0.00126480,ALTS,ALTS,0.0012648,,ETH,Ethereum,Ξ,TRADING,GRSETH,0.00000001,101.88743208,81285.00000000,0,0.00127441,9.00000000,0.00128047,705.00000000,2019-07-01T08:24:00.418137
True,0.0,81285.0,GRS,Groestlcoin,,0.00128061,8,0.00131654,-1,0.00119411,ETH,ETH,STANDARD,1e-08,1.0,0.00126480,ALTS,ALTS,0.0012648,,ETH,Ethereum,Ξ,TRADING,GRSETH,0.00000001,101.88743208,81285.00000000,0,0.00127038,660.00000000,0.00128015,706.00000000,2019-07-01T08:29:24.784136
True,0.0,81609.0,GRS,Groestlcoin,,0.00128050,8,0.00131654,-1,0.00119411,ETH,ETH,STANDARD,1e-08,1.0,0.00123788,ALTS,ALTS,0.00123788,,ETH,Ethereum,Ξ,TRADING,GRSETH,0.00000001,102.30330866,81609.00000000,0,0.00127692,391.00000000,0.00128605,49.00000000,2019-07-01T08:34:48.959497
True,0.0,81609.0,GRS,Groestlcoin,,0.00128050,8,0.00131654,-1,0.00119411,ETH,ETH,STANDARD,1e-08,1.0,0.00123788,ALTS,ALTS,0.00123788,,ETH,Ethereum,Ξ,TRADING,GRSETH,0.00000001,102.30330866,81609.00000000,0,0.00127552,171.00000000,0.00128604,165.00000000,2019-07-01T08:40:13.118464
True,0.0,81609.0,GRS,Groestlcoin,,0.00128050,8,0.00131654,-1,0.00119411,ETH,ETH,STANDARD,1e-08,1.0,0.00123788,ALTS,ALTS,0.00123788,,ETH,Ethereum,Ξ,TRADING,GRSETH,0.00000001,102.30330866,81609.00000000,0,0.00127880,369.00000000,0.00128603,155.00000000,2019-07-01T08:45:42.483035
True,0.0,82084.0,GRS,Groestlcoin,,0.00128645,8,0.00131654,-1,0.00119411,ETH,ETH,STANDARD,1e-08,1.0,0.00126144,ALTS,ALTS,0.00126144,,ETH,Ethereum,Ξ,TRADING,GRSETH,0.00000001,102.93116575,82084.00000000,0,0.00128043,9.00000000,0.00129244,165.00000000,2019-07-01T08:51:07.397537
True,0.0,82093.0,GRS,Groestlcoin,,0.00128043,8,0.00131654,-1,0.00119411,ETH,ETH,STANDARD,1e-08,1.0,0.00126144,ALTS,ALTS,0.00126144,,ETH,Ethereum,Ξ,TRADING,GRSETH,0.00000001,102.94268962,82093.00000000,0,0.00127441,9.00000000,0.00128643,187.00000000,2019-07-01T08:56:31.825133
True,0.0,82093.0,GRS,Groestlcoin,,0.00128043,8,0.00131654,-1,0.00119411,ETH,ETH,STANDARD,1e-08,1.0,0.00126144,ALTS,ALTS,0.00126144,,ETH,Ethereum,Ξ,TRADING,GRSETH,0.00000001,102.94268962,82093.00000000,0,0.00127441,9.00000000,0.00128640,77.00000000,2019-07-01T09:01:56.096302
True,0.0,82093.0,GRS,Groestlcoin,,0.00128043,8,0.00131654,-1,0.00119411,ETH,ETH,STANDARD,1e-08,1.0,0.00126144,ALTS,ALTS,0.00126144,,ETH,Ethereum,Ξ,TRADING,GRSETH,0.00000001,102.94268962,82093.00000000,0,0.00127441,9.00000000,0.00128640,108.00000000,2019-07-01T09:07:21.907334
True,0.0,80322.0,GRS,Groestlcoin,,0.00128640,8,0.00131654,-1,0.00119411,ETH,ETH,STANDARD,1e-08,1.0,0.00124404,ALTS,ALTS,0.00124404,,ETH,Ethereum,Ξ,TRADING,GRSETH,0.00000001,100.74891182,80322.00000000,0,0.00127441,9.00000000,0.00128641,293.00000000,2019-07-01T09:12:46.565195
True,0.0,80322.0,GRS,Groestlcoin,,0.00128640,8,0.00131654,-1,0.00119411,ETH,ETH,STANDARD,1e-08,1.0,0.00124404,ALTS,ALTS,0.00124404,,ETH,Ethereum,Ξ,TRADING,GRSETH,0.00000001,100.74891182,80322.00000000,0,0.00127482,173.00000000,0.00128640,165.00000000,2019-07-01T09:18:11.442809
True,0.0,80322.0,GRS,Groestlcoin,,0.00128640,8,0.00131654,-1,0.00119411,ETH,ETH,STANDARD,1e-08,1.0,0.00124404,ALTS,ALTS,0.00124404,,ETH,Ethereum,Ξ,TRADING,GRSETH,0.00000001,100.74891182,80322.00000000,0,0.00127526,261.00000000,0.00128644,155.00000000,2019-07-01T09:23:38.831902
True,0.0,80322.0,GRS,Groestlcoin,,0.00128640,8,0.00131654,-1,0.00119411,ETH,ETH,STANDARD,1e-08,1.0,0.00124404,ALTS,ALTS,0.00124404,,ETH,Ethereum,Ξ,TRADING,GRSETH,0.00000001,100.74891182,80322.00000000,0,0.00127441,9.00000000,0.00128643,303.00000000,2019-07-01T09:29:04.047667
True,0.0,80322.0,GRS,Groestlcoin,,0.00128640,8,0.00131654,-1,0.00119411,ETH,ETH,STANDARD,1e-08,1.0,0.00124404,ALTS,ALTS,0.00124404,,ETH,Ethereum,Ξ,TRADING,GRSETH,0.00000001,100.74891182,80322.00000000,0,0.00127610,30.00000000,0.00128642,155.00000000,2019-07-01T09:34:28.756722
True,0.0,80322.0,GRS,Groestlcoin,,0.00128640,8,0.00131654,-1,0.00119411,ETH,ETH,STANDARD,1e-08,1.0,0.00124404,ALTS,ALTS,0.00124404,,ETH,Ethereum,Ξ,TRADING,GRSETH,0.00000001,100.74891182,80322.00000000,0,0.00127663,49.00000000,0.00128645,9.00000000,2019-07-01T09:39:53.774064
True,0.0,80514.0,GRS,Groestlcoin,,0.00127621,8,0.00131654,-1,0.00119411,ETH,ETH,STANDARD,1e-08,1.0,0.00124932,ALTS,ALTS,0.00124932,,ETH,Ethereum,Ξ,TRADING,GRSETH,0.00000001,101.00325106,80514.00000000,0,0.00127624,172.00000000,0.00128043,9.00000000,2019-07-01T09:45:19.309160
True,0.0,80319.0,GRS,Groestlcoin,,0.00128043,8,0.00131654,-1,0.00119411,ETH,ETH,STANDARD,1e-08,1.0,0.00123422,ALTS,ALTS,0.00123422,,ETH,Ethereum,Ξ,TRADING,GRSETH,0.00000001,100.76008693,80319.00000000,0,0.00128262,172.00000000,0.00128645,9.00000000,2019-07-01T09:50:46.559916
True,0.0,80324.0,GRS,Groestlcoin,,0.00128645,8,0.00131654,-1,0.00119411,ETH,ETH,STANDARD,1e-08,1.0,0.00123318,ALTS,ALTS,0.00123318,,ETH,Ethereum,Ξ,TRADING,GRSETH,0.00000001,100.77074981,80324.00000000,0,0.00128089,406.00000000,0.00129241,78.00000000,2019-07-01T09:56:11.330189
True,0.0,80324.0,GRS,Groestlcoin,,0.00128645,8,0.00131654,-1,0.00119411,ETH,ETH,STANDARD,1e-08,1.0,0.00123318,ALTS,ALTS,0.00123318,,ETH,Ethereum,Ξ,TRADING,GRSETH,0.00000001,100.77074981,80324.00000000,0,0.00129289,369.00000000,0.00129847,163.00000000,2019-07-01T10:01:40.595242
True,0.0,80489.0,GRS,Groestlcoin,,0.00129246,8,0.00131654,-1,0.00119411,ETH,ETH,STANDARD,1e-08,1.0,0.00123318,ALTS,ALTS,0.00123318,,ETH,Ethereum,Ξ,TRADING,GRSETH,0.00000001,100.98399713,80489.00000000,0,0.00129250,547.00000000,0.00129847,163.00000000,2019-07-01T10:07:06.995878
True,0.0,80932.0,GRS,Groestlcoin,,0.00129250,8,0.00131654,-1,0.00119411,ETH,ETH,STANDARD,1e-08,1.0,0.00123318,ALTS,ALTS,0.00123318,,ETH,Ethereum,Ξ,TRADING,GRSETH,0.00000001,101.55657463,80932.00000000,0,0.00129252,171.00000000,0.00129848,9.00000000,2019-07-01T10:12:32.734031
True,0.0,81012.0,GRS,Groestlcoin,,0.00129250,8,0.00131654,-1,0.00119411,ETH,ETH,STANDARD,1e-08,1.0,0.00123318,ALTS,ALTS,0.00123318,,ETH,Ethereum,Ξ,TRADING,GRSETH,0.00000001,101.65997463,81012.00000000,0,0.00129250,24.00000000,0.00129848,9.00000000,2019-07-01T10:17:58.599723
True,0.0,80292.0,GRS,Groestlcoin,,0.00129250,8,0.00131654,-1,0.00119411,ETH,ETH,STANDARD,1e-08,1.0,0.00124251,ALTS,ALTS,0.00124251,,ETH,Ethereum,Ξ,TRADING,GRSETH,0.00000001,100.77365912,80292.00000000,0,0.00129250,15.00000000,0.00129847,163.00000000,2019-07-01T10:23:23.273866
True,0.0,80307.0,GRS,Groestlcoin,,0.00129250,8,0.00131654,-1,0.00119411,ETH,ETH,STANDARD,1e-08,1.0,0.00124251,ALTS,ALTS,0.00124251,,ETH,Ethereum,Ξ,TRADING,GRSETH,0.00000001,100.79304662,80307.00000000,0,0.00128645,9.00000000,0.00129847,163.00000000,2019-07-01T10:28:47.972992
True,0.0,80307.0,GRS,Groestlcoin,,0.00129250,8,0.00131654,-1,0.00119411,ETH,ETH,STANDARD,1e-08,1.0,0.00124251,ALTS,ALTS,0.00124251,,ETH,Ethereum,Ξ,TRADING,GRSETH,0.00000001,100.79304662,80307.00000000,0,0.00128687,171.00000000,0.00129847,163.00000000,2019-07-01T10:34:12.771739
True,0.0,80307.0,GRS,Groestlcoin,,0.00129250,8,0.00131654,-1,0.00119411,ETH,ETH,STANDARD,1e-08,1.0,0.00124251,ALTS,ALTS,0.00124251,,ETH,Ethereum,Ξ,TRADING,GRSETH,0.00000001,100.79304662,80307.00000000,0,0.00128645,9.00000000,0.00129847,163.00000000,2019-07-01T10:39:42.796060
True,0.0,80307.0,GRS,Groestlcoin,,0.00129250,8,0.00131654,-1,0.00119411,ETH,ETH,STANDARD,1e-08,1.0,0.00124251,ALTS,ALTS,0.00124251,,ETH,Ethereum,Ξ,TRADING,GRSETH,0.00000001,100.79304662,80307.00000000,0,0.00128645,9.00000000,0.00129847,163.00000000,2019-07-01T10:45:07.821232
True,0.0,81410.0,GRS,Groestlcoin,,0.00128243,8,0.00131654,-1,0.00119411,ETH,ETH,STANDARD,1e-08,1.0,0.00123075,ALTS,ALTS,0.00123075,,ETH,Ethereum,Ξ,TRADING,GRSETH,0.00000001,102.21854234,81410.00000000,0,0.00128660,232.00000000,0.00129246,9.00000000,2019-07-01T10:50:38.581720
True,0.0,81410.0,GRS,Groestlcoin,,0.00128243,8,0.00131654,-1,0.00119411,ETH,ETH,STANDARD,1e-08,1.0,0.00123075,ALTS,ALTS,0.00123075,,ETH,Ethereum,Ξ,TRADING,GRSETH,0.00000001,102.21854234,81410.00000000,0,0.00129246,3.00000000,0.00129762,506.00000000,2019-07-01T10:56:04.226399
True,0.0,81145.0,GRS,Groestlcoin,,0.00129246,8,0.00131654,-1,0.00119411,ETH,ETH,STANDARD,1e-08,1.0,0.00123334,ALTS,ALTS,0.00123334,,ETH,Ethereum,Ξ,TRADING,GRSETH,0.00000001,101.89313733,81145.00000000,0,0.00128045,176.00000000,0.00129246,9.00000000,2019-07-01T11:01:30.435822
True,0.0,81333.0,GRS,Groestlcoin,,0.00127376,8,0.00131654,-1,0.00119411,ETH,ETH,STANDARD,1e-08,1.0,0.00123340,ALTS,ALTS,0.0012334,,ETH,Ethereum,Ξ,TRADING,GRSETH,0.00000001,102.14485301,81333.00000000,0,0.00126918,303.00000000,0.00128043,9.00000000,2019-07-01T11:06:56.815630
True,0.0,81636.0,GRS,Groestlcoin,,0.00126995,8,0.00131654,-1,0.00119411,ETH,ETH,STANDARD,1e-08,1.0,0.00123340,ALTS,ALTS,0.0012334,,ETH,Ethereum,Ξ,TRADING,GRSETH,0.00000001,102.52964786,81636.00000000,0,0.00126839,9.00000000,0.00128037,176.00000000,2019-07-01T11:12:22.975964
True,0.0,81494.0,GRS,Groestlcoin,,0.00126839,8,0.00131654,-1,0.00119411,ETH,ETH,STANDARD,1e-08,1.0,0.00122664,ALTS,ALTS,0.00122664,,ETH,Ethereum,Ξ,TRADING,GRSETH,0.00000001,102.35512367,81494.00000000,0,0.00126040,16.00000000,0.00126839,9.00000000,2019-07-01T11:17:49.379916
True,0.0,82237.0,GRS,Groestlcoin,,0.00126230,8,0.00131654,-1,0.00119411,ETH,ETH,STANDARD,1e-08,1.0,0.00122664,ALTS,ALTS,0.00122664,,ETH,Ethereum,Ξ,TRADING,GRSETH,0.00000001,103.2930132,82237.00000000,0,0.00125627,181.00000000,0.00126236,339.00000000,2019-07-01T11:23:14.298597
True,0.0,82431.0,GRS,Groestlcoin,,0.00126237,8,0.00131654,-1,0.00119411,ETH,ETH,STANDARD,1e-08,1.0,0.00122664,ALTS,ALTS,0.00122664,,ETH,Ethereum,Ξ,TRADING,GRSETH,0.00000001,103.53688728,82431.00000000,0,0.00126053,792.00000000,0.00126837,339.00000000,2019-07-01T11:28:40.852838
True,0.0,82431.0,GRS,Groestlcoin,,0.00126237,8,0.00131654,-1,0.00119411,ETH,ETH,STANDARD,1e-08,1.0,0.00122664,ALTS,ALTS,0.00122664,,ETH,Ethereum,Ξ,TRADING,GRSETH,0.00000001,103.53688728,82431.00000000,0,0.00125637,373.00000000,0.00126835,314.00000000,2019-07-01T11:34:06.756829
True,0.0,82431.0,GRS,Groestlcoin,,0.00126237,8,0.00131654,-1,0.00119411,ETH,ETH,STANDARD,1e-08,1.0,0.00122664,ALTS,ALTS,0.00122664,,ETH,Ethereum,Ξ,TRADING,GRSETH,0.00000001,103.53688728,82431.00000000,0,0.00125879,1286.00000000,0.00126835,176.00000000,2019-07-01T11:39:32.347407
True,0.0,82431.0,GRS,Groestlcoin,,0.00126237,8,0.00131654,-1,0.00119411,ETH,ETH,STANDARD,1e-08,1.0,0.00122664,ALTS,ALTS,0.00122664,,ETH,Ethereum,Ξ,TRADING,GRSETH,0.00000001,103.53688728,82431.00000000,0,0.00126237,9.00000000,0.00127439,176.00000000,2019-07-01T11:44:57.585777
True,0.0,70889.0,GRS,Groestlcoin,,0.00126596,8,0.00131654,-1,0.00121745,ETH,ETH,STANDARD,1e-08,1.0,0.00122499,ALTS,ALTS,0.00122499,,ETH,Ethereum,Ξ,TRADING,GRSETH,0.00000001,89.56513897,70889.00000000,0,0.00126271,122.00000000,0.00127436,176.00000000,2019-07-01T11:50:23.902652
True,0.0,70889.0,GRS,Groestlcoin,,0.00126596,8,0.00131654,-1,0.00121745,ETH,ETH,STANDARD,1e-08,1.0,0.00122499,ALTS,ALTS,0.00122499,,ETH,Ethereum,Ξ,TRADING,GRSETH,0.00000001,89.56513897,70889.00000000,0,0.00126237,9.00000000,0.00127436,176.00000000,2019-07-01T11:55:50.044545
True,0.0,64036.0,GRS,Groestlcoin,,0.00126230,8,0.00131654,-1,0.00121745,ETH,ETH,STANDARD,1e-08,1.0,0.00122499,ALTS,ALTS,0.00122499,,ETH,Ethereum,Ξ,TRADING,GRSETH,0.00000001,81.19785219,64036.00000000,0,0.00126061,232.00000000,0.00126839,9.00000000,2019-07-01T12:01:15.683789
True,0.0,64036.0,GRS,Groestlcoin,,0.00126230,8,0.00131654,-1,0.00121745,ETH,ETH,STANDARD,1e-08,1.0,0.00122499,ALTS,ALTS,0.00122499,,ETH,Ethereum,Ξ,TRADING,GRSETH,0.00000001,81.19785219,64036.00000000,0,0.00125829,176.00000000,0.00126839,9.00000000,2019-07-01T12:06:44.403415
True,0.0,64036.0,GRS,Groestlcoin,,0.00126230,8,0.00131654,-1,0.00121745,ETH,ETH,STANDARD,1e-08,1.0,0.00122499,ALTS,ALTS,0.00122499,,ETH,Ethereum,Ξ,TRADING,GRSETH,0.00000001,81.19785219,64036.00000000,0,0.00126230,176.00000000,0.00126839,9.00000000,2019-07-01T12:12:10.672753
True,0.0,57385.0,GRS,Groestlcoin,,0.00126839,8,0.00131654,-1,0.00121910,ETH,ETH,STANDARD,1e-08,1.0,0.00123084,ALTS,ALTS,0.00123084,,ETH,Ethereum,Ξ,TRADING,GRSETH,0.00000001,73.04987596,57385.00000000,0,0.00126840,545.00000000,0.00127440,164.00000000,2019-07-01T12:17:39.819847
True,0.0,57917.0,GRS,Groestlcoin,,0.00126840,8,0.00131654,-1,0.00121910,ETH,ETH,STANDARD,1e-08,1.0,0.00121910,ALTS,ALTS,0.0012191,,ETH,Ethereum,Ξ,TRADING,GRSETH,0.00000001,73.72515304,57917.00000000,0,0.00126355,175.00000000,0.00127440,164.00000000,2019-07-01T12:23:05.099885
True,0.0,57917.0,GRS,Groestlcoin,,0.00126840,8,0.00131654,-1,0.00121910,ETH,ETH,STANDARD,1e-08,1.0,0.00121910,ALTS,ALTS,0.0012191,,ETH,Ethereum,Ξ,TRADING,GRSETH,0.00000001,73.72515304,57917.00000000,0,0.00126976,174.00000000,0.00127441,9.00000000,2019-07-01T12:28:30.559381
True,0.0,57917.0,GRS,Groestlcoin,,0.00126840,8,0.00131654,-1,0.00121910,ETH,ETH,STANDARD,1e-08,1.0,0.00121910,ALTS,ALTS,0.0012191,,ETH,Ethereum,Ξ,TRADING,GRSETH,0.00000001,73.72515304,57917.00000000,0,0.00126459,60.00000000,0.00127440,164.00000000,2019-07-01T12:33:56.050690
True,0.0,57917.0,GRS,Groestlcoin,,0.00126840,8,0.00131654,-1,0.00121910,ETH,ETH,STANDARD,1e-08,1.0,0.00121910,ALTS,ALTS,0.0012191,,ETH,Ethereum,Ξ,TRADING,GRSETH,0.00000001,73.72515304,57917.00000000,0,0.00126989,227.00000000,0.00127441,9.00000000,2019-07-01T12:39:22.765953
True,0.0,57917.0,GRS,Groestlcoin,,0.00126840,8,0.00131654,-1,0.00121910,ETH,ETH,STANDARD,1e-08,1.0,0.00121910,ALTS,ALTS,0.0012191,,ETH,Ethereum,Ξ,TRADING,GRSETH,0.00000001,73.72515304,57917.00000000,0,0.00127077,175.00000000,0.00127441,9.00000000,2019-07-01T12:44:49.248092
True,0.0,57865.0,GRS,Groestlcoin,,0.00127441,8,0.00131654,-1,0.00122000,ETH,ETH,STANDARD,1e-08,1.0,0.00122937,ALTS,ALTS,0.00122937,,ETH,Ethereum,Ξ,TRADING,GRSETH,0.00000001,73.66189584,57865.00000000,0,0.00127316,163.00000000,0.00128042,163.00000000,2019-07-01T12:50:14.893577
True,0.0,57963.0,GRS,Groestlcoin,,0.00126871,8,0.00131654,-1,0.00122000,ETH,ETH,STANDARD,1e-08,1.0,0.00122937,ALTS,ALTS,0.00122937,,ETH,Ethereum,Ξ,TRADING,GRSETH,0.00000001,73.78622942,57963.00000000,0,0.00127137,1000.00000000,0.00128042,163.00000000,2019-07-01T12:55:43.702064
True,0.0,57963.0,GRS,Groestlcoin,,0.00126871,8,0.00131654,-1,0.00122000,ETH,ETH,STANDARD,1e-08,1.0,0.00122937,ALTS,ALTS,0.00122937,,ETH,Ethereum,Ξ,TRADING,GRSETH,0.00000001,73.78622942,57963.00000000,0,0.00127526,175.00000000,0.00128043,9.00000000,2019-07-01T13:01:09.669364
True,0.0,57963.0,GRS,Groestlcoin,,0.00126871,8,0.00131654,-1,0.00122000,ETH,ETH,STANDARD,1e-08,1.0,0.00122937,ALTS,ALTS,0.00122937,,ETH,Ethereum,Ξ,TRADING,GRSETH,0.00000001,73.78622942,57963.00000000,0,0.00127736,839.00000000,0.00128043,9.00000000,2019-07-01T13:06:40.511158
True,0.0,58034.0,GRS,Groestlcoin,,0.00127760,8,0.00131654,-1,0.00122000,ETH,ETH,STANDARD,1e-08,1.0,0.00122937,ALTS,ALTS,0.00122937,,ETH,Ethereum,Ξ,TRADING,GRSETH,0.00000001,73.87693902,58034.00000000,0,0.00127591,788.00000000,0.00128635,71.00000000,2019-07-01T13:12:06.736778
True,0.0,58034.0,GRS,Groestlcoin,,0.00127760,8,0.00131654,-1,0.00122000,ETH,ETH,STANDARD,1e-08,1.0,0.00122937,ALTS,ALTS,0.00122937,,ETH,Ethereum,Ξ,TRADING,GRSETH,0.00000001,73.87693902,58034.00000000,0,0.00126878,84.00000000,0.00128040,71.00000000,2019-07-01T13:17:33.237562
True,0.0,58032.0,GRS,Groestlcoin,,0.00127441,8,0.00131654,-1,0.00122000,ETH,ETH,STANDARD,1e-08,1.0,0.00122281,ALTS,ALTS,0.00122281,,ETH,Ethereum,Ξ,TRADING,GRSETH,0.00000001,73.87534518,58032.00000000,0,0.00126839,9.00000000,0.00128040,71.00000000,2019-07-01T13:22:58.849364
True,0.0,58032.0,GRS,Groestlcoin,,0.00127441,8,0.00131654,-1,0.00122000,ETH,ETH,STANDARD,1e-08,1.0,0.00122281,ALTS,ALTS,0.00122281,,ETH,Ethereum,Ξ,TRADING,GRSETH,0.00000001,73.87534518,58032.00000000,0,0.00126839,9.00000000,0.00128040,71.00000000,2019-07-01T13:28:33.497503
True,0.0,58032.0,GRS,Groestlcoin,,0.00127441,8,0.00131654,-1,0.00122000,ETH,ETH,STANDARD,1e-08,1.0,0.00122281,ALTS,ALTS,0.00122281,,ETH,Ethereum,Ξ,TRADING,GRSETH,0.00000001,73.87534518,58032.00000000,0,0.00127077,84.00000000,0.00128043,9.00000000,2019-07-01T13:33:59.006594
True,0.0,58032.0,GRS,Groestlcoin,,0.00127441,8,0.00131654,-1,0.00122000,ETH,ETH,STANDARD,1e-08,1.0,0.00122281,ALTS,ALTS,0.00122281,,ETH,Ethereum,Ξ,TRADING,GRSETH,0.00000001,73.87534518,58032.00000000,0,0.00127679,8.00000000,0.00128043,9.00000000,2019-07-01T13:39:33.548710
True,0.0,58032.0,GRS,Groestlcoin,,0.00127441,8,0.00131654,-1,0.00122000,ETH,ETH,STANDARD,1e-08,1.0,0.00122281,ALTS,ALTS,0.00122281,,ETH,Ethereum,Ξ,TRADING,GRSETH,0.00000001,73.87534518,58032.00000000,0,0.00127740,35.00000000,0.00128043,9.00000000,2019-07-01T13:44:59.098439
True,0.0,57468.0,GRS,Groestlcoin,,0.00128043,8,0.00131654,-1,0.00122000,ETH,ETH,STANDARD,1e-08,1.0,0.00122985,ALTS,ALTS,0.00122985,,ETH,Ethereum,Ξ,TRADING,GRSETH,0.00000001,73.18597615,57468.00000000,0,0.00127834,162.00000000,0.00128644,162.00000000,2019-07-01T13:50:27.700876
True,0.0,57645.0,GRS,Groestlcoin,,0.00127833,8,0.00131654,-1,0.00122000,ETH,ETH,STANDARD,1e-08,1.0,0.00122985,ALTS,ALTS,0.00122985,,ETH,Ethereum,Ξ,TRADING,GRSETH,0.00000001,73.41224056,57645.00000000,0,0.00127864,1229.00000000,0.00128644,162.00000000,2019-07-01T13:55:55.036118
True,0.0,57645.0,GRS,Groestlcoin,,0.00127833,8,0.00131654,-1,0.00122000,ETH,ETH,STANDARD,1e-08,1.0,0.00122985,ALTS,ALTS,0.00122985,,ETH,Ethereum,Ξ,TRADING,GRSETH,0.00000001,73.41224056,57645.00000000,0,0.00128099,115.00000000,0.00128645,9.00000000,2019-07-01T14:01:21.642811
True,0.0,57645.0,GRS,Groestlcoin,,0.00127833,8,0.00131654,-1,0.00122000,ETH,ETH,STANDARD,1e-08,1.0,0.00122985,ALTS,ALTS,0.00122985,,ETH,Ethereum,Ξ,TRADING,GRSETH,0.00000001,73.41224056,57645.00000000,0,0.00127776,411.00000000,0.00128644,162.00000000,2019-07-01T14:06:48.527796
True,0.0,57693.0,GRS,Groestlcoin,,0.00127993,8,0.00131654,-1,0.00123019,ETH,ETH,STANDARD,1e-08,1.0,0.00123143,ALTS,ALTS,0.00123143,,ETH,Ethereum,Ξ,TRADING,GRSETH,0.00000001,73.47896411,57693.00000000,0,0.00127464,105.00000000,0.00128641,78.00000000,2019-07-01T14:12:15.423829
True,0.0,57693.0,GRS,Groestlcoin,,0.00127993,8,0.00131654,-1,0.00123019,ETH,ETH,STANDARD,1e-08,1.0,0.00123143,ALTS,ALTS,0.00123143,,ETH,Ethereum,Ξ,TRADING,GRSETH,0.00000001,73.47896411,57693.00000000,0,0.00127441,9.00000000,0.00128641,78.00000000,2019-07-01T14:17:41.943789
True,0.0,57807.0,GRS,Groestlcoin,,0.00127441,8,0.00131654,-1,0.00123019,ETH,ETH,STANDARD,1e-08,1.0,0.00123143,ALTS,ALTS,0.00123143,,ETH,Ethereum,Ξ,TRADING,GRSETH,0.00000001,73.62425945,57807.00000000,0,0.00126953,113.00000000,0.00128039,176.00000000,2019-07-01T14:23:08.184112
True,0.0,57807.0,GRS,Groestlcoin,,0.00127441,8,0.00131654,-1,0.00123019,ETH,ETH,STANDARD,1e-08,1.0,0.00123143,ALTS,ALTS,0.00123143,,ETH,Ethereum,Ξ,TRADING,GRSETH,0.00000001,73.62425945,57807.00000000,0,0.00126336,84.00000000,0.00127441,9.00000000,2019-07-01T14:28:42.614552
True,0.0,57816.0,GRS,Groestlcoin,,0.00126839,8,0.00131654,-1,0.00123019,ETH,ETH,STANDARD,1e-08,1.0,0.00123143,ALTS,ALTS,0.00123143,,ETH,Ethereum,Ξ,TRADING,GRSETH,0.00000001,73.63567496,57816.00000000,0,0.00126357,84.00000000,0.00127438,176.00000000,2019-07-01T14:34:09.341361
True,0.0,57816.0,GRS,Groestlcoin,,0.00126839,8,0.00131654,-1,0.00123019,ETH,ETH,STANDARD,1e-08,1.0,0.00123143,ALTS,ALTS,0.00123143,,ETH,Ethereum,Ξ,TRADING,GRSETH,0.00000001,73.63567496,57816.00000000,0,0.00127435,7.00000000,0.00127441,9.00000000,2019-07-01T14:39:38.165132
True,0.0,58450.0,GRS,Groestlcoin,,0.00127450,8,0.00131654,-1,0.00123019,ETH,ETH,STANDARD,1e-08,1.0,0.00123414,ALTS,ALTS,0.00123414,,ETH,Ethereum,Ξ,TRADING,GRSETH,0.00000001,74.4441251,58450.00000000,0,0.00127291,34.00000000,0.00127984,162.00000000,2019-07-01T14:45:05.244115
True,0.0,58450.0,GRS,Groestlcoin,,0.00127450,8,0.00131654,-1,0.00123019,ETH,ETH,STANDARD,1e-08,1.0,0.00123414,ALTS,ALTS,0.00123414,,ETH,Ethereum,Ξ,TRADING,GRSETH,0.00000001,74.4441251,58450.00000000,0,0.00127292,84.00000000,0.00128042,163.00000000,2019-07-01T14:50:33.631133
True,0.0,58450.0,GRS,Groestlcoin,,0.00127450,8,0.00131654,-1,0.00123019,ETH,ETH,STANDARD,1e-08,1.0,0.00123414,ALTS,ALTS,0.00123414,,ETH,Ethereum,Ξ,TRADING,GRSETH,0.00000001,74.4441251,58450.00000000,0,0.00127361,143.00000000,0.00128042,163.00000000,2019-07-01T14:55:59.962692
True,0.0,58450.0,GRS,Groestlcoin,,0.00127450,8,0.00131654,-1,0.00123019,ETH,ETH,STANDARD,1e-08,1.0,0.00123414,ALTS,ALTS,0.00123414,,ETH,Ethereum,Ξ,TRADING,GRSETH,0.00000001,74.4441251,58450.00000000,0,0.00127052,564.00000000,0.00128040,176.00000000,2019-07-01T15:01:28.148902
True,0.0,66721.0,GRS,Groestlcoin,,0.00131655,8,0.00133460,-1,0.00123142,ETH,ETH,STANDARD,1e-08,1.0,0.00123142,ALTS,ALTS,0.00123142,,ETH,Ethereum,Ξ,TRADING,GRSETH,0.00000001,85.34740198,66721.00000000,0,0.00132260,3017.00000000,0.00133460,9.00000000,2019-07-01T15:06:53.983437
True,0.0,76068.0,GRS,Groestlcoin,,0.00131654,8,0.00134624,-1,0.00123142,ETH,ETH,STANDARD,1e-08,1.0,0.00123142,ALTS,ALTS,0.00123142,,ETH,Ethereum,Ξ,TRADING,GRSETH,0.00000001,97.82902578,76068.00000000,0,0.00130450,9.00000000,0.00131654,9.00000000,2019-07-01T15:12:26.268935
True,0.0,76435.0,GRS,Groestlcoin,,0.00131654,8,0.00134624,-1,0.00123142,ETH,ETH,STANDARD,1e-08,1.0,0.00123142,ALTS,ALTS,0.00123142,,ETH,Ethereum,Ξ,TRADING,GRSETH,0.00000001,98.31217963,76435.00000000,0,0.00130451,278.00000000,0.00131646,171.00000000,2019-07-01T15:17:52.915142
True,0.0,76520.0,GRS,Groestlcoin,,0.00128430,8,0.00134624,-1,0.00123142,ETH,ETH,STANDARD,1e-08,1.0,0.00123142,ALTS,ALTS,0.00123142,,ETH,Ethereum,Ξ,TRADING,GRSETH,0.00000001,98.42258474,76520.00000000,0,0.00128043,9.00000000,0.00129074,171.00000000,2019-07-01T15:23:20.581775
True,0.0,76520.0,GRS,Groestlcoin,,0.00128430,8,0.00134624,-1,0.00123142,ETH,ETH,STANDARD,1e-08,1.0,0.00123142,ALTS,ALTS,0.00123142,,ETH,Ethereum,Ξ,TRADING,GRSETH,0.00000001,98.42258474,76520.00000000,0,0.00128043,9.00000000,0.00128812,171.00000000,2019-07-01T15:28:48.874152
True,0.0,77364.0,GRS,Groestlcoin,,0.00128555,8,0.00134624,-1,0.00123142,ETH,ETH,STANDARD,1e-08,1.0,0.00123142,ALTS,ALTS,0.00123142,,ETH,Ethereum,Ξ,TRADING,GRSETH,0.00000001,99.50764803,77364.00000000,0,0.00129311,3688.00000000,0.00130447,88.00000000,2019-07-01T15:34:14.384876
True,0.0,85011.0,GRS,Groestlcoin,,0.00129637,8,0.00134624,-1,0.00123417,ETH,ETH,STANDARD,1e-08,1.0,0.00123417,ALTS,ALTS,0.00123417,,ETH,Ethereum,Ξ,TRADING,GRSETH,0.00000001,109.40522298,85011.00000000,0,0.00128645,9.00000000,0.00129182,62.00000000,2019-07-01T15:39:42.120651
True,0.0,85066.0,GRS,Groestlcoin,,0.00129114,8,0.00134624,-1,0.00123417,ETH,ETH,STANDARD,1e-08,1.0,0.00123417,ALTS,ALTS,0.00123417,,ETH,Ethereum,Ξ,TRADING,GRSETH,0.00000001,109.47619609,85066.00000000,0,0.00128105,4667.00000000,0.00129114,16.00000000,2019-07-01T15:45:08.664088
True,0.0,85418.0,GRS,Groestlcoin,,0.00128224,8,0.00134624,-1,0.00123702,ETH,ETH,STANDARD,1e-08,1.0,0.00123704,ALTS,ALTS,0.00123704,,ETH,Ethereum,Ξ,TRADING,GRSETH,0.00000001,109.9303965,85418.00000000,0,0.00128062,4308.00000000,0.00129246,9.00000000,2019-07-01T15:50:38.883631
True,0.0,85438.0,GRS,Groestlcoin,,0.00128645,8,0.00134624,-1,0.00123702,ETH,ETH,STANDARD,1e-08,1.0,0.00123704,ALTS,ALTS,0.00123704,,ETH,Ethereum,Ξ,TRADING,GRSETH,0.00000001,109.95619161,85438.00000000,0,0.00128087,2332.00000000,0.00129049,175.00000000,2019-07-01T15:56:06.179913
True,0.0,85454.0,GRS,Groestlcoin,,0.00128645,8,0.00134624,-1,0.00123702,ETH,ETH,STANDARD,1e-08,1.0,0.00123702,ALTS,ALTS,0.00123702,,ETH,Ethereum,Ξ,TRADING,GRSETH,0.00000001,109.97735695,85454.00000000,0,0.00128066,4308.00000000,0.00129246,9.00000000,2019-07-01T16:01:37.655483
True,0.0,86013.0,GRS,Groestlcoin,,0.00128043,8,0.00134624,-1,0.00123702,ETH,ETH,STANDARD,1e-08,1.0,0.00123702,ALTS,ALTS,0.00123702,,ETH,Ethereum,Ξ,TRADING,GRSETH,0.00000001,110.69333182,86013.00000000,0,0.00127737,3932.00000000,0.00128633,173.00000000,2019-07-01T16:07:03.585055
True,0.0,86186.0,GRS,Groestlcoin,,0.00128475,8,0.00134624,-1,0.00123702,ETH,ETH,STANDARD,1e-08,1.0,0.00123702,ALTS,ALTS,0.00123702,,ETH,Ethereum,Ξ,TRADING,GRSETH,0.00000001,110.91559357,86186.00000000,0,0.00127451,3730.00000000,0.00128645,9.00000000,2019-07-01T16:12:29.932095
True,0.0,86222.0,GRS,Groestlcoin,,0.00127441,8,0.00134624,-1,0.00123702,ETH,ETH,STANDARD,1e-08,1.0,0.00123702,ALTS,ALTS,0.00123702,,ETH,Ethereum,Ξ,TRADING,GRSETH,0.00000001,110.96151931,86222.00000000,0,0.00126900,4278.00000000,0.00128043,9.00000000,2019-07-01T16:17:56.468472
True,0.0,86231.0,GRS,Groestlcoin,,0.00128042,8,0.00134624,-1,0.00123702,ETH,ETH,STANDARD,1e-08,1.0,0.00123702,ALTS,ALTS,0.00123702,,ETH,Ethereum,Ξ,TRADING,GRSETH,0.00000001,110.97304309,86231.00000000,0,0.00126903,2759.00000000,0.00128043,9.00000000,2019-07-01T16:23:22.704879
True,0.0,86240.0,GRS,Groestlcoin,,0.00126839,8,0.00134624,-1,0.00123702,ETH,ETH,STANDARD,1e-08,1.0,0.00123702,ALTS,ALTS,0.00123702,,ETH,Ethereum,Ξ,TRADING,GRSETH,0.00000001,110.9844586,86240.00000000,0,0.00126322,98.00000000,0.00127248,702.00000000,2019-07-01T16:28:49.401413
True,0.0,86252.0,GRS,Groestlcoin,,0.00126237,8,0.00134624,-1,0.00123862,ETH,ETH,STANDARD,1e-08,1.0,0.00123862,ALTS,ALTS,0.00123862,,ETH,Ethereum,Ξ,TRADING,GRSETH,0.00000001,111.00001747,86252.00000000,0,0.00125645,1601.00000000,0.00126722,714.00000000,2019-07-01T16:34:15.451658
True,0.0,86272.0,GRS,Groestlcoin,,0.00126839,8,0.00134624,-1,0.00123862,ETH,ETH,STANDARD,1e-08,1.0,0.00123862,ALTS,ALTS,0.00123862,,ETH,Ethereum,Ξ,TRADING,GRSETH,0.00000001,111.025368,86272.00000000,0,0.00126840,210.00000000,0.00127401,712.00000000,2019-07-01T16:39:42.670419
True,0.0,86567.0,GRS,Groestlcoin,,0.00126840,8,0.00134624,-1,0.00123862,ETH,ETH,STANDARD,1e-08,1.0,0.00123862,ALTS,ALTS,0.00123862,,ETH,Ethereum,Ξ,TRADING,GRSETH,0.00000001,111.399546,86567.00000000,0,0.00126237,9.00000000,0.00127393,21.00000000,2019-07-01T16:45:08.360635
True,0.0,86567.0,GRS,Groestlcoin,,0.00126840,8,0.00134624,-1,0.00123862,ETH,ETH,STANDARD,1e-08,1.0,0.00123862,ALTS,ALTS,0.00123862,,ETH,Ethereum,Ξ,TRADING,GRSETH,0.00000001,111.399546,86567.00000000,0,0.00126292,173.00000000,0.00127433,8.00000000,2019-07-01T16:50:35.790626
True,0.0,86567.0,GRS,Groestlcoin,,0.00126840,8,0.00134624,-1,0.00123862,ETH,ETH,STANDARD,1e-08,1.0,0.00123862,ALTS,ALTS,0.00123862,,ETH,Ethereum,Ξ,TRADING,GRSETH,0.00000001,111.399546,86567.00000000,0,0.00126237,9.00000000,0.00127316,710.00000000,2019-07-01T16:56:02.701323
True,0.0,86567.0,GRS,Groestlcoin,,0.00126840,8,0.00134624,-1,0.00123862,ETH,ETH,STANDARD,1e-08,1.0,0.00123862,ALTS,ALTS,0.00123862,,ETH,Ethereum,Ξ,TRADING,GRSETH,0.00000001,111.399546,86567.00000000,0,0.00126237,9.00000000,0.00127433,8.00000000,2019-07-01T17:01:28.839304
True,0.0,86567.0,GRS,Groestlcoin,,0.00126840,8,0.00134624,-1,0.00123862,ETH,ETH,STANDARD,1e-08,1.0,0.00123862,ALTS,ALTS,0.00123862,,ETH,Ethereum,Ξ,TRADING,GRSETH,0.00000001,111.399546,86567.00000000,0,0.00126237,9.00000000,0.00127160,710.00000000,2019-07-01T17:06:54.717508
True,0.0,86653.0,GRS,Groestlcoin,,0.00125636,8,0.00134624,-1,0.00123862,ETH,ETH,STANDARD,1e-08,1.0,0.00123862,ALTS,ALTS,0.00123862,,ETH,Ethereum,Ξ,TRADING,GRSETH,0.00000001,111.50764705,86653.00000000,0,0.00125635,9.00000000,0.00126566,717.00000000,2019-07-01T17:12:23.354639
True,0.0,86653.0,GRS,Groestlcoin,,0.00125636,8,0.00134624,-1,0.00123862,ETH,ETH,STANDARD,1e-08,1.0,0.00123862,ALTS,ALTS,0.00123862,,ETH,Ethereum,Ξ,TRADING,GRSETH,0.00000001,111.50764705,86653.00000000,0,0.00125635,9.00000000,0.00126208,178.00000000,2019-07-01T17:17:50.368829
True,0.0,81410.0,GRS,Groestlcoin,,0.00126014,8,0.00134624,-1,0.00123953,ETH,ETH,STANDARD,1e-08,1.0,0.00124494,ALTS,ALTS,0.00124494,,ETH,Ethereum,Ξ,TRADING,GRSETH,0.00000001,105.00271567,81410.00000000,0,0.00125033,9.00000000,0.00125937,718.00000000,2019-07-01T17:23:17.063883
True,0.0,81419.0,GRS,Groestlcoin,,0.00125635,8,0.00134624,-1,0.00123953,ETH,ETH,STANDARD,1e-08,1.0,0.00124494,ALTS,ALTS,0.00124494,,ETH,Ethereum,Ξ,TRADING,GRSETH,0.00000001,105.01402282,81419.00000000,0,0.00125036,673.00000000,0.00125886,178.00000000,2019-07-01T17:28:43.876425
True,0.0,81419.0,GRS,Groestlcoin,,0.00125635,8,0.00134624,-1,0.00123953,ETH,ETH,STANDARD,1e-08,1.0,0.00124494,ALTS,ALTS,0.00124494,,ETH,Ethereum,Ξ,TRADING,GRSETH,0.00000001,105.01402282,81419.00000000,0,0.00125153,4411.00000000,0.00126119,178.00000000,2019-07-01T17:34:09.341984
True,0.0,81419.0,GRS,Groestlcoin,,0.00125635,8,0.00134624,-1,0.00123953,ETH,ETH,STANDARD,1e-08,1.0,0.00124494,ALTS,ALTS,0.00124494,,ETH,Ethereum,Ξ,TRADING,GRSETH,0.00000001,105.01402282,81419.00000000,0,0.00125040,707.00000000,0.00125924,30.00000000,2019-07-01T17:39:39.152069
True,0.0,81419.0,GRS,Groestlcoin,,0.00125635,8,0.00134624,-1,0.00123953,ETH,ETH,STANDARD,1e-08,1.0,0.00124494,ALTS,ALTS,0.00124494,,ETH,Ethereum,Ξ,TRADING,GRSETH,0.00000001,105.01402282,81419.00000000,0,0.00125142,173.00000000,0.00126201,716.00000000,2019-07-01T17:45:04.510133
True,0.0,81082.0,GRS,Groestlcoin,,0.00126201,8,0.00134624,-1,0.00123953,ETH,ETH,STANDARD,1e-08,1.0,0.00125343,ALTS,ALTS,0.00125343,,ETH,Ethereum,Ξ,TRADING,GRSETH,0.00000001,104.59366983,81082.00000000,0,0.00125201,4492.00000000,0.00126237,9.00000000,2019-07-01T17:50:38.741326
True,0.0,81082.0,GRS,Groestlcoin,,0.00126201,8,0.00134624,-1,0.00123953,ETH,ETH,STANDARD,1e-08,1.0,0.00125343,ALTS,ALTS,0.00125343,,ETH,Ethereum,Ξ,TRADING,GRSETH,0.00000001,104.59366983,81082.00000000,0,0.00125416,1369.00000000,0.00126237,9.00000000,2019-07-01T17:56:05.120949
True,0.0,80861.0,GRS,Groestlcoin,,0.00125635,8,0.00134624,-1,0.00123953,ETH,ETH,STANDARD,1e-08,1.0,0.00126288,ALTS,ALTS,0.00126288,,ETH,Ethereum,Ξ,TRADING,GRSETH,0.00000001,104.31914367,80861.00000000,0,0.00125068,42.00000000,0.00126001,179.00000000,2019-07-01T18:01:30.899625
True,0.0,80861.0,GRS,Groestlcoin,,0.00125635,8,0.00134624,-1,0.00123953,ETH,ETH,STANDARD,1e-08,1.0,0.00126288,ALTS,ALTS,0.00126288,,ETH,Ethereum,Ξ,TRADING,GRSETH,0.00000001,104.31914367,80861.00000000,0,0.00125201,174.00000000,0.00126233,36.00000000,2019-07-01T18:06:56.169842
True,0.0,80861.0,GRS,Groestlcoin,,0.00125635,8,0.00134624,-1,0.00123953,ETH,ETH,STANDARD,1e-08,1.0,0.00126288,ALTS,ALTS,0.00126288,,ETH,Ethereum,Ξ,TRADING,GRSETH,0.00000001,104.31914367,80861.00000000,0,0.00125145,2467.00000000,0.00126114,68.00000000,2019-07-01T18:12:22.842607
True,0.0,80484.0,GRS,Groestlcoin,,0.00126114,8,0.00134624,-1,0.00123953,ETH,ETH,STANDARD,1e-08,1.0,0.00125635,ALTS,ALTS,0.00125635,,ETH,Ethereum,Ξ,TRADING,GRSETH,0.00000001,103.84523826,80484.00000000,0,0.00125288,1860.00000000,0.00126158,716.00000000,2019-07-01T18:17:50.654678
True,0.0,80484.0,GRS,Groestlcoin,,0.00126114,8,0.00134624,-1,0.00123953,ETH,ETH,STANDARD,1e-08,1.0,0.00125635,ALTS,ALTS,0.00125635,,ETH,Ethereum,Ξ,TRADING,GRSETH,0.00000001,103.84523826,80484.00000000,0,0.00125035,1792.00000000,0.00126039,117.00000000,2019-07-01T18:23:16.766156
True,0.0,80484.0,GRS,Groestlcoin,,0.00126114,8,0.00134624,-1,0.00123953,ETH,ETH,STANDARD,1e-08,1.0,0.00125635,ALTS,ALTS,0.00125635,,ETH,Ethereum,Ξ,TRADING,GRSETH,0.00000001,103.84523826,80484.00000000,0,0.00125036,4225.00000000,0.00125783,718.00000000,2019-07-01T18:28:42.615744
True,0.0,80484.0,GRS,Groestlcoin,,0.00126114,8,0.00134624,-1,0.00123953,ETH,ETH,STANDARD,1e-08,1.0,0.00125635,ALTS,ALTS,0.00125635,,ETH,Ethereum,Ξ,TRADING,GRSETH,0.00000001,103.84523826,80484.00000000,0,0.00125143,4349.00000000,0.00126237,9.00000000,2019-07-01T18:34:07.845990
True,0.0,79991.0,GRS,Groestlcoin,,0.00126128,8,0.00134624,-1,0.00123953,ETH,ETH,STANDARD,1e-08,1.0,0.00125033,ALTS,ALTS,0.00125033,,ETH,Ethereum,Ξ,TRADING,GRSETH,0.00000001,103.22597991,79991.00000000,0,0.00125391,3778.00000000,0.00126128,30.00000000,2019-07-01T18:39:36.319499
True,0.0,79991.0,GRS,Groestlcoin,,0.00126128,8,0.00134624,-1,0.00123953,ETH,ETH,STANDARD,1e-08,1.0,0.00125033,ALTS,ALTS,0.00125033,,ETH,Ethereum,Ξ,TRADING,GRSETH,0.00000001,103.22597991,79991.00000000,0,0.00125393,179.00000000,0.00125838,27.00000000,2019-07-01T18:45:01.821408
True,0.0,80314.0,GRS,Groestlcoin,,0.00125838,8,0.00134624,-1,0.00123953,ETH,ETH,STANDARD,1e-08,1.0,0.00125033,ALTS,ALTS,0.00125033,,ETH,Ethereum,Ξ,TRADING,GRSETH,0.00000001,103.63243665,80314.00000000,0,0.00125089,175.00000000,0.00126091,179.00000000,2019-07-01T18:50:27.899367
True,0.0,80314.0,GRS,Groestlcoin,,0.00125973,8,0.00134624,-1,0.00123953,ETH,ETH,STANDARD,1e-08,1.0,0.00124431,ALTS,ALTS,0.00124431,,ETH,Ethereum,Ξ,TRADING,GRSETH,0.00000001,103.63252125,80314.00000000,0,0.00125088,115.00000000,0.00125895,37.00000000,2019-07-01T18:55:53.228051
True,0.0,80314.0,GRS,Groestlcoin,,0.00125973,8,0.00134624,-1,0.00123953,ETH,ETH,STANDARD,1e-08,1.0,0.00124431,ALTS,ALTS,0.00124431,,ETH,Ethereum,Ξ,TRADING,GRSETH,0.00000001,103.63252125,80314.00000000,0,0.00125098,2184.00000000,0.00125894,59.00000000,2019-07-01T19:01:18.456274
True,0.0,80314.0,GRS,Groestlcoin,,0.00125973,8,0.00134624,-1,0.00123953,ETH,ETH,STANDARD,1e-08,1.0,0.00124431,ALTS,ALTS,0.00124431,,ETH,Ethereum,Ξ,TRADING,GRSETH,0.00000001,103.63252125,80314.00000000,0,0.00125087,179.00000000,0.00125937,179.00000000,2019-07-01T19:06:43.274315
True,0.0,82256.0,GRS,Groestlcoin,,0.00125033,8,0.00134624,-1,0.00123953,ETH,ETH,STANDARD,1e-08,1.0,0.00124384,ALTS,ALTS,0.00124384,,ETH,Ethereum,Ξ,TRADING,GRSETH,0.00000001,106.06107825,82256.00000000,0,0.00124431,9.00000000,0.00125076,179.00000000,2019-07-01T19:12:09.974086
True,0.0,81879.0,GRS,Groestlcoin,,0.00124645,8,0.00134624,-1,0.00123866,ETH,ETH,STANDARD,1e-08,1.0,0.00124349,ALTS,ALTS,0.00124349,,ETH,Ethereum,Ξ,TRADING,GRSETH,0.00000001,105.59226711,81879.00000000,0,0.00124016,179.00000000,0.00124879,179.00000000,2019-07-01T19:17:38.372258
True,0.0,82497.0,GRS,Groestlcoin,,0.00124921,8,0.00134624,-1,0.00123866,ETH,ETH,STANDARD,1e-08,1.0,0.00124349,ALTS,ALTS,0.00124349,,ETH,Ethereum,Ξ,TRADING,GRSETH,0.00000001,106.36427889,82497.00000000,0,0.00124600,947.00000000,0.00125033,9.00000000,2019-07-01T19:23:04.352852
True,0.0,82421.0,GRS,Groestlcoin,,0.00124990,8,0.00134624,-1,0.00123866,ETH,ETH,STANDARD,1e-08,1.0,0.00124027,ALTS,ALTS,0.00124027,,ETH,Ethereum,Ξ,TRADING,GRSETH,0.00000001,106.27095929,82421.00000000,0,0.00124521,1050.00000000,0.00125584,59.00000000,2019-07-01T19:28:30.242371
True,0.0,82394.0,GRS,Groestlcoin,,0.00125556,8,0.00134624,-1,0.00123866,ETH,ETH,STANDARD,1e-08,1.0,0.00124620,ALTS,ALTS,0.0012462,,ETH,Ethereum,Ξ,TRADING,GRSETH,0.00000001,106.23764019,82394.00000000,0,0.00124738,1297.00000000,0.00125556,8.00000000,2019-07-01T19:33:55.773602
True,0.0,82005.0,GRS,Groestlcoin,,0.00125635,8,0.00134624,-1,0.00123866,ETH,ETH,STANDARD,1e-08,1.0,0.00124871,ALTS,ALTS,0.00124871,,ETH,Ethereum,Ξ,TRADING,GRSETH,0.00000001,105.75363288,82005.00000000,0,0.00125216,946.00000000,0.00126113,30.00000000,2019-07-01T19:39:21.692127
True,0.0,81068.0,GRS,Groestlcoin,,0.00125320,8,0.00134624,-1,0.00123866,ETH,ETH,STANDARD,1e-08,1.0,0.00125033,ALTS,ALTS,0.00125033,,ETH,Ethereum,Ξ,TRADING,GRSETH,0.00000001,104.58641201,81068.00000000,0,0.00125321,744.00000000,0.00126112,180.00000000,2019-07-01T19:44:48.043585
True,0.0,81068.0,GRS,Groestlcoin,,0.00125320,8,0.00134624,-1,0.00123866,ETH,ETH,STANDARD,1e-08,1.0,0.00125033,ALTS,ALTS,0.00125033,,ETH,Ethereum,Ξ,TRADING,GRSETH,0.00000001,104.58641201,81068.00000000,0,0.00125036,87.00000000,0.00126077,17.00000000,2019-07-01T19:50:13.649235
True,0.0,81068.0,GRS,Groestlcoin,,0.00125320,8,0.00134624,-1,0.00123866,ETH,ETH,STANDARD,1e-08,1.0,0.00125033,ALTS,ALTS,0.00125033,,ETH,Ethereum,Ξ,TRADING,GRSETH,0.00000001,104.58641201,81068.00000000,0,0.00125165,796.00000000,0.00125976,17.00000000,2019-07-01T19:55:42.651736
True,0.0,81068.0,GRS,Groestlcoin,,0.00125320,8,0.00134624,-1,0.00123866,ETH,ETH,STANDARD,1e-08,1.0,0.00125033,ALTS,ALTS,0.00125033,,ETH,Ethereum,Ξ,TRADING,GRSETH,0.00000001,104.58641201,81068.00000000,0,0.00125267,2785.00000000,0.00125976,17.00000000,2019-07-01T20:01:08.531523
True,0.0,81068.0,GRS,Groestlcoin,,0.00125320,8,0.00134624,-1,0.00123866,ETH,ETH,STANDARD,1e-08,1.0,0.00125033,ALTS,ALTS,0.00125033,,ETH,Ethereum,Ξ,TRADING,GRSETH,0.00000001,104.58641201,81068.00000000,0,0.00125044,1199.00000000,0.00126070,85.00000000,2019-07-01T20:06:36.235447
True,0.0,79687.0,GRS,Groestlcoin,,0.00125033,8,0.00134624,-1,0.00123866,ETH,ETH,STANDARD,1e-08,1.0,0.00126839,ALTS,ALTS,0.00126839,,ETH,Ethereum,Ξ,TRADING,GRSETH,0.00000001,102.84665357,79687.00000000,0,0.00125033,77.00000000,0.00125546,85.00000000,2019-07-01T20:12:02.181307
True,0.0,79783.0,GRS,Groestlcoin,,0.00125546,8,0.00134624,-1,0.00123866,ETH,ETH,STANDARD,1e-08,1.0,0.00126839,ALTS,ALTS,0.00126839,,ETH,Ethereum,Ξ,TRADING,GRSETH,0.00000001,102.96678272,79783.00000000,0,0.00124512,80.00000000,0.00125029,66.00000000,2019-07-01T20:17:28.282721
True,0.0,79783.0,GRS,Groestlcoin,,0.00125546,8,0.00134624,-1,0.00123866,ETH,ETH,STANDARD,1e-08,1.0,0.00126839,ALTS,ALTS,0.00126839,,ETH,Ethereum,Ξ,TRADING,GRSETH,0.00000001,102.96678272,79783.00000000,0,0.00124478,684.00000000,0.00125549,66.00000000,2019-07-01T20:22:54.965502
True,0.0,79783.0,GRS,Groestlcoin,,0.00125546,8,0.00134624,-1,0.00123866,ETH,ETH,STANDARD,1e-08,1.0,0.00126839,ALTS,ALTS,0.00126839,,ETH,Ethereum,Ξ,TRADING,GRSETH,0.00000001,102.96678272,79783.00000000,0,0.00124619,4008.00000000,0.00125635,9.00000000,2019-07-01T20:28:23.936624
True,0.0,79783.0,GRS,Groestlcoin,,0.00125546,8,0.00134624,-1,0.00123866,ETH,ETH,STANDARD,1e-08,1.0,0.00126839,ALTS,ALTS,0.00126839,,ETH,Ethereum,Ξ,TRADING,GRSETH,0.00000001,102.96678272,79783.00000000,0,0.00124432,80.00000000,0.00125593,66.00000000,2019-07-01T20:33:50.003941
True,0.0,79783.0,GRS,Groestlcoin,,0.00125546,8,0.00134624,-1,0.00123866,ETH,ETH,STANDARD,1e-08,1.0,0.00126839,ALTS,ALTS,0.00126839,,ETH,Ethereum,Ξ,TRADING,GRSETH,0.00000001,102.96678272,79783.00000000,0,0.00124556,1436.00000000,0.00125470,179.00000000,2019-07-01T20:39:16.890396
True,0.0,79783.0,GRS,Groestlcoin,,0.00125546,8,0.00134624,-1,0.00123866,ETH,ETH,STANDARD,1e-08,1.0,0.00126839,ALTS,ALTS,0.00126839,,ETH,Ethereum,Ξ,TRADING,GRSETH,0.00000001,102.96678272,79783.00000000,0,0.00124440,4365.00000000,0.00125176,721.00000000,2019-07-01T20:44:42.376826
True,0.0,69146.0,GRS,Groestlcoin,,0.00123246,8,0.00134624,-1,0.00123246,ETH,ETH,STANDARD,1e-08,1.0,0.00128645,ALTS,ALTS,0.00128645,,ETH,Ethereum,Ξ,TRADING,GRSETH,0.00000001,89.23450101,69146.00000000,0,0.00123725,37.00000000,0.00124430,41.00000000,2019-07-01T20:50:08.836493
True,0.0,69241.0,GRS,Groestlcoin,,0.00123715,8,0.00134624,-1,0.00123246,ETH,ETH,STANDARD,1e-08,1.0,0.00129243,ALTS,ALTS,0.00129243,,ETH,Ethereum,Ξ,TRADING,GRSETH,0.00000001,89.34922762,69241.00000000,0,0.00123599,549.00000000,0.00124431,9.00000000,2019-07-01T20:55:38.985155
True,0.0,68710.0,GRS,Groestlcoin,,0.00124431,8,0.00134624,-1,0.00123246,ETH,ETH,STANDARD,1e-08,1.0,0.00127450,ALTS,ALTS,0.0012745,,ETH,Ethereum,Ξ,TRADING,GRSETH,0.00000001,88.6664247,68710.00000000,0,0.00123846,262.00000000,0.00125033,9.00000000,2019-07-01T21:01:05.133987
True,0.0,68710.0,GRS,Groestlcoin,,0.00124431,8,0.00134624,-1,0.00123246,ETH,ETH,STANDARD,1e-08,1.0,0.00127450,ALTS,ALTS,0.0012745,,ETH,Ethereum,Ξ,TRADING,GRSETH,0.00000001,88.6664247,68710.00000000,0,0.00123841,52.00000000,0.00124864,82.00000000,2019-07-01T21:06:31.472609
True,0.0,65425.0,GRS,Groestlcoin,,0.00124583,8,0.00134624,-1,0.00123246,ETH,ETH,STANDARD,1e-08,1.0,0.00126040,ALTS,ALTS,0.0012604,,ETH,Ethereum,Ξ,TRADING,GRSETH,0.00000001,84.51320031,65425.00000000,0,0.00123870,670.00000000,0.00124640,82.00000000,2019-07-01T21:11:57.651637
True,0.0,64252.0,GRS,Groestlcoin,,0.00124780,8,0.00134624,-1,0.00123246,ETH,ETH,STANDARD,1e-08,1.0,0.00126240,ALTS,ALTS,0.0012624,,ETH,Ethereum,Ξ,TRADING,GRSETH,0.00000001,83.0333288,64252.00000000,0,0.00124119,2414.00000000,0.00125033,9.00000000,2019-07-01T21:17:23.201375
True,0.0,64261.0,GRS,Groestlcoin,,0.00125033,8,0.00134624,-1,0.00123246,ETH,ETH,STANDARD,1e-08,1.0,0.00126240,ALTS,ALTS,0.0012624,,ETH,Ethereum,Ξ,TRADING,GRSETH,0.00000001,83.04458177,64261.00000000,0,0.00125040,103.00000000,0.00125391,67.00000000,2019-07-01T21:22:48.229748
True,0.0,64261.0,GRS,Groestlcoin,,0.00125033,8,0.00134624,-1,0.00123246,ETH,ETH,STANDARD,1e-08,1.0,0.00126240,ALTS,ALTS,0.0012624,,ETH,Ethereum,Ξ,TRADING,GRSETH,0.00000001,83.04458177,64261.00000000,0,0.00125040,103.00000000,0.00125546,8.00000000,2019-07-01T21:28:14.412494
True,0.0,64261.0,GRS,Groestlcoin,,0.00125033,8,0.00134624,-1,0.00123246,ETH,ETH,STANDARD,1e-08,1.0,0.00126240,ALTS,ALTS,0.0012624,,ETH,Ethereum,Ξ,TRADING,GRSETH,0.00000001,83.04458177,64261.00000000,0,0.00125040,103.00000000,0.00125546,8.00000000,2019-07-01T21:33:40.828341
True,0.0,64261.0,GRS,Groestlcoin,,0.00125033,8,0.00134624,-1,0.00123246,ETH,ETH,STANDARD,1e-08,1.0,0.00126240,ALTS,ALTS,0.0012624,,ETH,Ethereum,Ξ,TRADING,GRSETH,0.00000001,83.04458177,64261.00000000,0,0.00125040,103.00000000,0.00125546,8.00000000,2019-07-01T21:39:09.377033
True,0.0,63967.0,GRS,Groestlcoin,,0.00125635,8,0.00134624,-1,0.00123246,ETH,ETH,STANDARD,1e-08,1.0,0.00126830,ALTS,ALTS,0.0012683,,ETH,Ethereum,Ξ,TRADING,GRSETH,0.00000001,82.67279182,63967.00000000,0,0.00125123,726.00000000,0.00125986,716.00000000,2019-07-01T21:44:37.408154
True,0.0,64018.0,GRS,Groestlcoin,,0.00126297,8,0.00134624,-1,0.00123246,ETH,ETH,STANDARD,1e-08,1.0,0.00126830,ALTS,ALTS,0.0012683,,ETH,Ethereum,Ξ,TRADING,GRSETH,0.00000001,82.73714269,64018.00000000,0,0.00125677,4189.00000000,0.00126756,9.00000000,2019-07-01T21:50:03.082396
True,0.0,64018.0,GRS,Groestlcoin,,0.00126297,8,0.00134624,-1,0.00123246,ETH,ETH,STANDARD,1e-08,1.0,0.00126830,ALTS,ALTS,0.0012683,,ETH,Ethereum,Ξ,TRADING,GRSETH,0.00000001,82.73714269,64018.00000000,0,0.00125885,692.00000000,0.00126756,9.00000000,2019-07-01T21:55:28.619426
True,0.0,64018.0,GRS,Groestlcoin,,0.00126297,8,0.00134624,-1,0.00123246,ETH,ETH,STANDARD,1e-08,1.0,0.00126830,ALTS,ALTS,0.0012683,,ETH,Ethereum,Ξ,TRADING,GRSETH,0.00000001,82.73714269,64018.00000000,0,0.00126057,333.00000000,0.00126756,9.00000000,2019-07-01T22:00:54.791220
True,0.0,64018.0,GRS,Groestlcoin,,0.00126297,8,0.00134624,-1,0.00123246,ETH,ETH,STANDARD,1e-08,1.0,0.00126830,ALTS,ALTS,0.0012683,,ETH,Ethereum,Ξ,TRADING,GRSETH,0.00000001,82.73714269,64018.00000000,0,0.00126101,158.00000000,0.00126756,9.00000000,2019-07-01T22:06:20.975393
True,0.0,62863.0,GRS,Groestlcoin,,0.00125679,8,0.00134624,-1,0.00123246,ETH,ETH,STANDARD,1e-08,1.0,0.00126237,ALTS,ALTS,0.00126237,,ETH,Ethereum,Ξ,TRADING,GRSETH,0.00000001,81.27173446,62863.00000000,0,0.00125816,3619.00000000,0.00126756,9.00000000,2019-07-01T22:11:46.947906
True,0.0,62874.0,GRS,Groestlcoin,,0.00126755,8,0.00134624,-1,0.00123246,ETH,ETH,STANDARD,1e-08,1.0,0.00126237,ALTS,ALTS,0.00126237,,ETH,Ethereum,Ξ,TRADING,GRSETH,0.00000001,81.28567751,62874.00000000,0,0.00125853,390.00000000,0.00126756,9.00000000,2019-07-01T22:17:13.244554
True,0.0,62874.0,GRS,Groestlcoin,,0.00126755,8,0.00134624,-1,0.00123246,ETH,ETH,STANDARD,1e-08,1.0,0.00126237,ALTS,ALTS,0.00126237,,ETH,Ethereum,Ξ,TRADING,GRSETH,0.00000001,81.28567751,62874.00000000,0,0.00125940,397.00000000,0.00126756,9.00000000,2019-07-01T22:22:39.909411
True,0.0,62789.0,GRS,Groestlcoin,,0.00126756,8,0.00134624,-1,0.00123246,ETH,ETH,STANDARD,1e-08,1.0,0.00127441,ALTS,ALTS,0.00127441,,ETH,Ethereum,Ξ,TRADING,GRSETH,0.00000001,81.17884775,62789.00000000,0,0.00125994,3308.00000000,0.00126839,9.00000000,2019-07-01T22:28:06.521902
True,0.0,62789.0,GRS,Groestlcoin,,0.00126756,8,0.00134624,-1,0.00123246,ETH,ETH,STANDARD,1e-08,1.0,0.00127441,ALTS,ALTS,0.00127441,,ETH,Ethereum,Ξ,TRADING,GRSETH,0.00000001,81.17884775,62789.00000000,0,0.00126032,22.00000000,0.00126838,35.00000000,2019-07-01T22:33:33.604091
True,0.0,62789.0,GRS,Groestlcoin,,0.00126756,8,0.00134624,-1,0.00123246,ETH,ETH,STANDARD,1e-08,1.0,0.00127441,ALTS,ALTS,0.00127441,,ETH,Ethereum,Ξ,TRADING,GRSETH,0.00000001,81.17884775,62789.00000000,0,0.00125639,723.00000000,0.00126754,146.00000000,2019-07-01T22:39:00.499841
True,0.0,62789.0,GRS,Groestlcoin,,0.00126756,8,0.00134624,-1,0.00123246,ETH,ETH,STANDARD,1e-08,1.0,0.00127441,ALTS,ALTS,0.00127441,,ETH,Ethereum,Ξ,TRADING,GRSETH,0.00000001,81.17884775,62789.00000000,0,0.00125635,9.00000000,0.00126581,29.00000000,2019-07-01T22:44:26.578206
True,0.0,62789.0,GRS,Groestlcoin,,0.00126756,8,0.00134624,-1,0.00123246,ETH,ETH,STANDARD,1e-08,1.0,0.00127441,ALTS,ALTS,0.00127441,,ETH,Ethereum,Ξ,TRADING,GRSETH,0.00000001,81.17884775,62789.00000000,0,0.00125635,9.00000000,0.00126712,82.00000000,2019-07-01T22:49:54.905663
True,0.0,62789.0,GRS,Groestlcoin,,0.00126756,8,0.00134624,-1,0.00123246,ETH,ETH,STANDARD,1e-08,1.0,0.00127441,ALTS,ALTS,0.00127441,,ETH,Ethereum,Ξ,TRADING,GRSETH,0.00000001,81.17884775,62789.00000000,0,0.00125635,9.00000000,0.00126758,180.00000000,2019-07-01T22:55:21.051826
